{"age": {"middle_age": {"no": 0.13636363636363635, "yes": 0.2647058823529412}, "senior": {"no": 0.2727272727272727, "yes": 0.23529411764705882}, "youth": {"no": 0.36363636363636365, "yes": 0.20588235294117646}}, "income": {"high": {"no": 0.18181818181818182, "yes": 0.20588235294117646}, "low": {"no": 0.36363636363636365, "yes": 0.2647058823529412}, "medium": {"no": 0.22727272727272727, "yes": 0.23529411764705882}}, "student": {"no": {"no": 0.7142857142857143, "yes": 0.06060606060606061}, "yes": {"no": 0.047619047619047616, "yes": 0.6363636363636364}}, "credit_rating": {"excellent": {"no": 0.3333333333333333, "yes": 0.45454545454545453}, "fair": {"no": 0.42857142857142855, "yes": 0.24242424242424243}}, "job": {"full_time": {"no": 0.041666666666666664, "yes": 0.25}, "part_time": {"no": 0.20833333333333334, "yes": 0.1388888888888889}, "retired": {"no": 0.25, "yes": 0.2222222222222222}, "self_employed": {"no": 0.041666666666666664, "yes": 0.05555555555555555}, "unemployed": {"no": 0.25, "yes": 0.05555555555555555}}, "married": {"no": {"no": 0.47619047619047616, "yes": 0.2727272727272727}, "yes": {"no": 0.2857142857142857, "yes": 0.42424242424242425}}}